{"cameraMode":{"drawMode":0,"name":"Shaded","section":"Shading Mode"},"sceneLighting":true,"audioPlay":false,"sceneViewState":{"m_AlwaysRefresh":false,"showFog":true,"showSkybox":true,"showFlares":true,"showImageEffects":true,"showParticleSystems":true,"showVisualEffectGraphs":true,"m_FxEnabled":true},"in2DMode":false,"pivot":{"x":3.390366315841675,"y":1.0058674812316895,"z":2.836615800857544},"rotation":{"x":-0.18581357598304749,"y":0.005003566388040781,"z":-0.0009518231963738799,"w":-0.9825949668884277},"size":12.09980297088623,"orthographic":false}